,Baptizing Spring for migration: 6-23-2017,,,,,,,,,,,,,,,,,,,,,,,,
,"Species Cards: Verbatim (Highlighted cells indicate verbatim entry, including spellings.)",,,,,,,,,,,,,,,,,,,,,,,,
Initial Sort Order,Site #,Acc. #,F.S.#,Trench,Unit,Zone,Feature,Area,Provenience Other,UF Number,Verbatim Species,Clean Species,Verbatim Element,Clean Element,Verbatim Portion,Clean Portion,Side,Alteration,Age,NISP,Weight (g) per provenience per taxon,Weight (g) per Specimen(s),MNI,Measurements,Notes
1,8SU65,221,111,,542N 500E,,12 (hearth),,,2210043,Vertebrata,Vertebrata,bone,bone,fragments,fragment,,,,10,5,,,,
2,8SU65,221,111,,542N 500E,,12 (hearth),,,2210043,Vertebrata,Vertebrata,bone,bone,fragments,fragment,,burnt,,5,5,,,,
3,8SU65,221,111,,542N 500E,,12 (hearth),,,2210044,Gopherus polyphemus,Gopherus polyphemus,shell,shell,fragments,fragment,,,,5,6.4,,,,
4,8SU65,221,111,,542N 500E,,12 (hearth),,,2210044,Gopherus polyphemus,Gopherus polyphemus,scapula,scapula,fragment,fragment,R,,,1,6.4,,,,
5,8SU65,221,111,,542N 500E,,12 (hearth),,,2210044,Gopherus polyphemus,Gopherus polyphemus,vertebra,vertebra,,,,charred,,1,6.4,,,,
6,8SU65,221,111,,542N 500E,,12 (hearth),,,2210044,Gopherus polyphemus,Gopherus polyphemus,pubis,pubis,,,L,,,1,6.4,,,,
7,8SU65,221,111,,542N 500E,,12 (hearth),,,2210045,Colubridae,Colubridae,vertebra,vertebra,,,,,,1,0.1,0.1,,,
8,8SU65,221,302,,458N 567E,,Area H,,,2210154,Unidentifiable Bone,Unidentified Bone,,,fragments,fragment,,,,50,0.89,0.89,,,
9,8SU65,221,200,,461N 567E,,Area F,,,2210155,Mammalia,Mammalia,,,fragment,fragment,,,,1,0.8,0.8,,,
10,8SU65,221,166,,464N 565E,,Area C,,,2210156,Chrysemyssp.,Chrysemyssp.,hyoplastron,,,,R,,,1,15.46,,,,
11,8SU65,221,166,,464N 565E,,Area C,,,2210156,Chrysemyssp.,Chrysemyssp.,neural,neural,,,,partially burnt,,1,15.46,,,,
12,8SU65,221,166,,464N 565E,,Area C,,,2210156,Chrysemyssp.,Chrysemyssp.,shell,shell,fragment,fragment,,burnt,,1,15.46,,,,
13,8SU65,221,166,,464N 565E,,Area C,,,2210157,Gopherus polyphemus,Gopherus polyphemus,shell,shell,fragments,fragment,,,,2,4,4,,,
14,8SU65,221,166,,464N 565E,,Area C,,,2210158,Testudines,Testudines,shell,shell,fragments,fragment,,burned,,1,0.75,,,,
15,8SU65,221,166,,464N 565E,,Area C,,,2210158,Testudines,Testudines,vertebra,vertebra,,,,calcined,,1,0.75,,,,
16,8SU65,221,166,,464N 565E,,Area C,,,2210159,Mammalia,Mammalia,,,fragments,fragment,,1 calcined,,2,0.9,0.9,,,
17,8SU65,221,166,,464N 565E,,Area C,,,2210160,Vertebrata,Vertebrata,,,fragments,fragment,,1 burnt,,2,2.29,2.29,,,
18,8SU65,221,164,,464N 565E,,17,,,2210161,Gopherus polyphemus,Gopherus polyphemus,marginal,marginal,,,,,,1,8.75,8.75,,,
19,8SU65,221,164,,464N 565E,,17,,,2210162,Testudines,Testudines,shell,shell,fragments,fragment,,,,2,1.08,1.08,,,
20,8SU65,221,164,,464N 565E,,17,,,2210163,Odocoileus virginianus,Odocoileus virginianus,metatarsal,metatarsal,shaft fragment,shaft fragment,,,,1,3.19,3.19,,,
21,8SU65,221,313,,461N 565E,,19,,,2210164,Sus scrofa,Sus scrofa,scapula,scapula,4 fragments,4 fragments,L,,,1,,,,,no weight recorded; Assumption: 4 fragments articulate
22,8SU65,221,313,,461N 565E,,19,,,2210164,Sus scrofa,Sus scrofa,thoracic vertebrae,thoracic vertebra,,,,,,7,,,,,"no weight recorded; verbatim; ""the thoracic and lumbar vertebrae are articulated in the soil matrix and could not be weighed"""
23,8SU65,221,313,,461N 565E,,19,,,2210164,Sus scrofa,Sus scrofa,cervical vertebrae,cervical vertebra,,,,,,1,,,,,no weight recorded
24,8SU65,221,313,,461N 565E,,19,,,2210164,Sus scrofa,Sus scrofa,lumbar vertebrae,lumbar vertebra,,,,,,4,,,,,"no weight recorded; ""the thoracic and lumbar vertebrae are articulated in the soil matrix and could not be weighed"""
25,8SU65,221,313,,461N 565E,,19,,,2210164,Sus scrofa,Sus scrofa,vertebra frags (atlas also) + rib frags,"vertebra, atlas, rib",fragments,fragment,,,,75,,,,,no weight recorded; verbatim element description
26,8SU65,221,149,,464N 567E,IA,,,,2210165,Testudines,Testudines,shell,shell,fragments,fragment,,2 calcined,,8,1.3,1.3,,,
27,8SU65,221,149,,464N 567E,IA,,,,2210166,Artiodactyla,Artiodactyla,tooth,tooth,fragments,fragment,,,,2,0.31,0.31,,,
28,8SU65,221,149,,464N 567E,IA,,,,2210167,Mammalia,Mammalia,,,fragments,fragment,,1 calcined,,3,1.93,1.93,,,
29,8SU65,221,149,,464N 567E,IA,,,,2210168,Vertebrata,Vertebrata,,,fragments,fragment,,"3 calcined, 1 burnt",,10,3.81,3.81,,,
30,8SU65,221,150,,464N 567E,IB,,,,2210169,Miscellaneous Unidentifiable Bone,Unidentified Bone,,,fragments,fragment,,2 calcined,,5,,,,,no weight recorded
31,8SU65,221,155,,464N 567E,II,,,,2210170,Gopherus polyphemus,Gopherus polyphemus,marginal,marginal,,,,,,1,2.78,2.78,,,
32,8SU65,221,155,,464N 567E,II,,,,2210171,Odocoileus virginianus,Odocoileus virginianus,humerus,humerus,distal frag,,R,,,1,2.69,2.69,,,
33,8SU65,221,155,,464N 567E,II,,,,2210172,Testudines,Testudines,shell,shell,fragment,fragment,,,,1,0.84,0.84,,,
34,8SU65,221,155,,464N 567E,II,,,,2210173,Mammalia,Mammalia,,,fragment,fragment,,calcined,,1,0.36,0.36,,,
35,8SU65,221,155,,464N 567E,II,,,,2210174,Unidentified Bone,Unidentified Bone,,,fragments,fragment,,,,4,2.21,2.21,,,
36,8SU65,221,158,,464N 565E,IA,,,,2210175,Artiodactyla,Artiodactyla,tooth,tooth,fragment,fragment,,,,1,0.66,0.66,,,
37,8SU65,221,158,,464N 565E,IA,,,,2210176,Testudines,Testudines,shell,shell,fragments,fragment,,calcined,,3,0.65,0.65,,,
38,8SU65,221,158,,464N 565E,IA,,,,2210177,Mammalia,Mammalia,longbone,longbone,shaft frag,shaft fragment,,burnt,,1,0.58,0.58,,,
39,8SU65,221,158,,464N 565E,IA,,,,2210178,Miscellaneous Unidentified Bone,Unidentified Bone,,,fragments,fragment,,,,4,2.65,2.65,,,
40,8SU65,221,161,,464N 565E,IB,,,,2210179,Unidentified Bone,Unidentified Bone,,,fragments,fragment,,,,2,1.65,1.65,,,
41,8SU65,221,168,,464N 563E,I,,,,2210180,cf. Alligator mississippiensis,cf. Alligator mississippiensis,"""scute""",scute,fragment,fragment,,,,1,0.97,0.97,,,
42,8SU65,221,172,,464N 563E,IB,,,,2210181,Odocoileus virginianus,Odocoileus virginianus,metacarpal,metacarpal,proximal,proximal,L,,,1,8,,,,
43,8SU65,221,172,,464N 563E,IB,,,,2210181,Odocoileus virginianus,Odocoileus virginianus,metacarpal,metacarpal,shaft frag,shaft fragment,,,,1,8,,,,
44,8SU65,221,172,,464N 563E,IB,,,,2210182,Testudines,Testudines,shell,shell,fragment,fragment,,calcined,,1,0.21,0.21,,,
45,8SU65,221,172,,464N 563E,IB,,,,2210183,Vertebrata,Vertebrata,,,fragments,fragment,,2 calcined,,24,1.98,1.98,,,
46,8SU65,221,183,,461N 569E,IB,,,,2210184,Squaliformes (shark),Squaliformes (shark),tooth,tooth,,,,,,1,0.05,0.05,,,
47,8SU65,221,183,,461N 569E,IB,,,,2210185,Testudines,Testudines,shell,shell,fragment,fragment,,calcined,,1,0.12,0.12,,,
48,8SU65,221,183,,461N 569E,IB,,,,2210186,Vertebrata,Vertebrata,,,fragments,fragment,,3 calcined,,5,0.98,0.98,,,
49,8SU65,221,186,,461N 569E,II,,,,2210187,Medium-LargeMammalia,"Mammalia, medium-large",,,shaft fragment,shaft fragment,,,,1,,,,,no weight recorded
50,8SU65,221,189,,467N 565E,IA + IB,,,,2210188,Gopherus polyphemus,Gopherus polyphemus,nuchal,nuchal,,,,,,1,23.38,,,,
51,8SU65,221,189,,467N 565E,IA + IB,,,,2210188,Gopherus polyphemus,Gopherus polyphemus,marginal,marginal,,,,,,1,23.38,,,,
52,8SU65,221,189,,467N 565E,IA + IB,,,,2210188,Gopherus polyphemus,Gopherus polyphemus,shell,shell,fragment,fragment,,,,1,23.38,,,,
53,8SU65,221,189,,467N 565E,IA + IB,,,,2210189,Testudines,Testudines,neural,neural,,,,,,1,8.98,,,,
54,8SU65,221,189,,467N 565E,IA + IB,,,,2210189,Testudines,Testudines,shell,shell,fragments,fragment,,4 calcined,,10,8.98,,,,
55,8SU65,221,189,,467N 565E,IA + IB,,,,2210189,Testudines,Testudines,marginal,marginal,,,,calcined,,1,8.98,,,,
56,8SU65,221,189,,467N 565E,IA + IB,,,,2210190,Artiodactyla,Artiodactyla,tooth,tooth,fragments,fragment,,,,2,0.95,,,,
57,8SU65,221,189,,467N 565E,IA + IB,,,,2210190,Artiodactyla,Artiodactyla,metatarsal,metatarsal,distal end,distal end,L,,,1,0.95,,,,
58,8SU65,221,189,,467N 565E,IA + IB,,,,2210191,Mammalia,Mammalia,,,shaft frag,shaft fragment,,burnt,,1,0.95,0.95,,,
59,8SU65,221,189,,467N 565E,IA + IB,,,,2210192,Vertebrata,Vertebrata,,,fragments,fragment,,"1 calcined, 1 burnt",,10,4.1,4.1,,,
60,8SU65,221,179,,461N 565E,IB,,,,2210193,Gopherus polyphemus,Gopherus polyphemus,costal (?),costal (?),fragments,fragment,,all worked,,4,6.5,6.5,,,verbatim element description
61,8SU65,221,179,,461N 565E,IB,,,,2210194,Testudines,Testudines,shell,shell,fragments,fragment,,1 burnt,,3,6.99,6.99,,,
62,8SU65,221,179,,461N 565E,IB,,,,2210195,Mammalia,Mammalia,,,fragments,fragment,,,,2,2.19,2.19,,,
63,8SU65,221,179,,461N 565E,IB,,,,2210196,Vertebrata,Vertebrata,,,fragments,fragment,,,,4,1.41,1.41,,,
64,8SU65,221,190,,467N 565E,IC,,,,2210197,Vertebrata,Vertebrata,,,fragments,fragment,,calcined,,6,,,,,no weight recorded
65,8SU65,221,195,,467N 565E,II,,,,2210198,Vertebrata,Vertebrata,,,fragments,fragment,,,,2,,,,,no weight recorded
66,8SU65,221,197,,461N 563E,IB,,,,2210199,Gopherus polyphemus,Gopherus polyphemus,hyoplastron,hyoplastron,,,L,,,1,4.38,4.38,,,
67,8SU65,221,197,,461N 563E,IB,,,,2210200,Artiodactyla,Artiodactyla,tooth,tooth,fragments,fragment,,,,4,0.68,0.68,,,
68,8SU65,221,197,,461N 563E,IB,,,,2210201,Testudines,Testudines,shell,shell,fragment,fragment,,,,1,0.44,0.44,,,
69,8SU65,221,203,,461N 563E,IC,,,,2210202,Chrysemyscf.scripta,Chrysemyscf.scripta,marginal,marginal,,,,,,1,5.55,5.55,,,
70,8SU65,221,203,,461N 563E,IC,,,,2210203,Artiodactyla,Artiodactyla,tooth,tooth,fragments,fragment,,,,3,0.55,0.55,,,
71,8SU65,221,203,,461N 563E,IC,,,,2210204,Mammalia,Mammalia,,,fragments,fragment,,calcined,,2,0.92,0.92,,,
72,8SU65,221,203,,461N 563E,IC,,,,2210205,Vertebrata,Vertebrata,,,fragment,fragment,,,,1,0.08,0.08,,,
73,8SU65,221,204,,461N 565E,II,,,,2210206,cf. Odocoileus virginianus,cf. Odocoileus virginianus,tooth,tooth,fragments,fragment,,,,7,0.65,0.65,,,
74,8SU65,221,204,,461N 565E,II,,,,2210207,Testudines,Testudines,shell,shell,fragment,fragment,,worked,,1,1.55,1.55,,,"verbatim note: possible ""gaming piece"""
75,8SU65,221,204,,461N 565E,II,,,,2210208,Vertebrata,Vertebrata,,,fragments,fragment,,1 calcined,,5,2.63,2.63,,,
76,8SU65,221,300,,458N 567E,IA,,,,2210209,Vertebrata,Vertebrata,,,fragments,fragment,,,,2,0.3,0.3,,,
77,8SU65,221,301,,458N 567E,IB,,,,2210210,Testudines,Testudines,shell,shell,fragments,fragment,,1 calcined,,6,6.82,6.82,,,
78,8SU65,221,301,,458N 567E,IB,,,,2210211,Odocoileus virginianus,Odocoileus virginianus,molar,molar,,,,,,1,15.96,,,,
79,8SU65,221,301,,458N 567E,IB,,,,2210211,Odocoileus virginianus,Odocoileus virginianus,metatarsal,metatarsal,proximal end,proximal end,L,,,1,15.96,,,,
80,8SU65,221,301,,458N 567E,IB,,,,2210211,Odocoileus virginianus,Odocoileus virginianus,cubonavicular,cubonavicular,,,L,,,1,15.96,,,,
81,8SU65,221,301,,458N 567E,IB,,,,2210212,Artiodactyla,Artiodactyla,tooth,tooth,fragments,fragment,,,,3,2.52,,,,
82,8SU65,221,301,,458N 567E,IB,,,,2210212,Artiodactyla,Artiodactyla,vertebra,vertebra,fragment,fragment,,,,1,2.52,,,,
83,8SU65,221,301,,458N 567E,IB,,,,2210213,UnidentifiedMammalia,Mammalia,,,fragments,fragment,,1 calcined,,26,27.21,27.21,,,
84,8SU65,221,301,,458N 567E,IB,,,,2210214,Vertebrata,Vertebrata,,,fragments,fragment,,calcined,,6,16.36,,,,total ~51 frags
85,8SU65,221,301,,458N 567E,IB,,,,2210214,Vertebrata,Vertebrata,,,fragments,fragment,,burnt,,3,16.36,,,,total ~51 frags
86,8SU65,221,301,,458N 567E,IB,,,,2210214,Vertebrata,Vertebrata,,,fragments,fragment,,,,~42,16.36,,,,total ~51 frags
87,8SU65,221,303,,458N 567E,IC,,,,2210215,Gopherus polyphemus,Gopherus polyphemus,ilium,ilium,,,L,,,1,4.4,,,,
88,8SU65,221,303,,458N 567E,IC,,,,2210215,Gopherus polyphemus,Gopherus polyphemus,pubis,pubis,,,L,,,1,4.4,,,,
89,8SU65,221,303,,458N 567E,IC,,,,2210216,Odocoileus virginianus,Odocoileus virginianus,humerus,humerus,distal end,distal end,R,deep cut areas dug into small area,,1,33.85,,,,
90,8SU65,221,303,,458N 567E,IC,,,,2210216,Odocoileus virginianus,Odocoileus virginianus,humerus,humerus,distal end,distal end,L,,,1,33.85,,,,
91,8SU65,221,303,,458N 567E,IC,,,,2210216,Odocoileus virginianus,Odocoileus virginianus,humerus,humerus,frag; distal end,fragment distal end,,,,1,33.85,,,,
92,8SU65,221,303,,458N 567E,IC,,,,2210217,Mammalia,Mammalia,,,fragments,fragment,,,,4,4.26,4.26,,,
93,8SU65,221,303,,458N 567E,IC,,,,2210218,Unidentified Large Mammalia,"Mammalia, large",,,fragments,fragment,,,,3,7.63,7.63,,,
94,8SU65,221,303,,458N 567E,IC,,,,2210219,Vertebrata,Vertebrata,,,fragments,fragment,,,,40,5.52,5.52,,,
95,8SU65,221,305,,458N 565E,IA,,,,2210220,Vertebrata,Vertebrata,,,fragment,fragment,,calcined,,1,0.22,0.22,,,
96,8SU65,221,307,,458N 565E,IB,,,,2210221,Testudines,Testudines,shell,shell,fragment,fragment,,,,1,0.58,0.58,,,
97,8SU65,221,307,,458N 565E,IB,,,,2210222,Alligator mississipiensis,Alligator mississipiensis,dermal scute,dermal scute,fragment,fragment,,,,1,0.36,0.36,,,
98,8SU65,221,307,,458N 565E,IB,,,,2210223,Odocoileus virginianus,Odocoileus virginianus,astragalus,astragalus,,,L,,,1,4.46,4.46,,,
99,8SU65,221,307,,458N 565E,IB,,,,2210224,Unidentified Mammalia,Mammalia,,,fragment,fragment,,,,1,1.07,1.07,,,
100,8SU65,221,307,,458N 565E,IB,,,,2210225,Vertebrata,Vertebrata,,,fragments,fragment,,burnt,,2,10.56,,,,
101,8SU65,221,307,,458N 565E,IB,,,,2210225,Vertebrata,Vertebrata,,,fragments,fragment,,calcined,,8,10.56,,,,
102,8SU65,221,307,,458N 565E,IB,,,,2210225,Vertebrata,Vertebrata,,,fragments,fragment,,,,9,10.56,,,,
103,8SU65,221,308,,458N 565E,IC,,,,2210226,Alligator mississippiensis,Alligator mississippiensis,dermal scute,dermal scute,,,,,,1,0.66,0.66,,,
104,8SU65,221,308,,458N 565E,IC,,,,2210227,Odocoileus virginianus,Odocoileus virginianus,astragalus,astragalus,,,L,,,1,11.86,,,,
105,8SU65,221,308,,458N 565E,IC,,,,2210227,Odocoileus virginianus,Odocoileus virginianus,lower molar,lower molar,,,L,,,1,11.86,,,,
106,8SU65,221,308,,458N 565E,IC,,,,2210227,Odocoileus virginianus,Odocoileus virginianus,molar,molar,,,,,,1,11.86,,,,worn
107,8SU65,221,308,,458N 565E,IC,,,,2210228,Unidentified Mammalia,Unidentified Mammalia,,,fragments,fragment,,,,2,3.91,3.91,,,
108,8SU65,221,308,,458N 565E,IC,,,,2210229,Vertebrata,Vertebrata,,,fragments,fragment,,calcined,,7,4.98,,,,
109,8SU65,221,308,,458N 565E,IC,,,,2210229,Vertebrata,Vertebrata,,,fragments,fragment,,,,13,4.98,,,,
110,8SU65,221,309,,458N 565E,II,,,,2210230,Gopherus polyphemus,Gopherus polyphemus,shell,shell,fragment,fragment,,,,1,3.12,3.12,,,
111,8SU65,221,309,,458N 565E,II,,,,2210231,Artiodactyla,Artiodactyla,tooth-molar,tooth-molar,fragment,fragment,,,,1,0.26,0.26,,,
112,8SU65,221,309,,458N 565E,II,,,,2210232,Unidentified Mammalia,Mammalia,,,fragments,fragment,,,,8,6.14,6.14,,,
113,8SU65,221,309,,458N 565E,II,,,,2210233,Unidentified Large Mammal,"Mammalia, large",,,fragments,fragment,,,,2,12.13,12.13,,,
114,8SU65,221,309,,458N 565E,II,,,,2210234,Vertebrata,Vertebrata,,,fragments,fragment,,1 calcined,,5,1.05,1.05,,,
115,8SU65,221,311,,461N 563E,IB,,,,2210235,Unidentified Mammalia,Mammalia,,,fragments,fragment,,,,7,8.9,8.9,,,
116,8SU65,221,311,,461N 563E,IB,,,,2210236,Vertebrata,Vertebrata,,,fragments,fragment,,7 calcined,,14,2.81,2.81,,,
117,8SU65,221,148,,440N 549E,,14B,,,2210237,Vertebrata,Vertebrata,,,fragments,fragment,,,,16,1.34,1.34,,,
118,8SU65,221,159,,437N 549E,,,Area J,,2210238,Vertebrata,Vertebrata,,,fragment,fragment,,burnt,,1,0.44,0.44,,,
119,8SU65,221,131,,437N 549E,I,,,,2210239,Gopherus polyphemus,Gopherus polyphemus,marginal,marginal,,,,calcined,,1,2.45,,,,
120,8SU65,221,131,,437N 549E,I,,,,2210239,Gopherus polyphemus,Gopherus polyphemus,shell,shell,fragment,fragment,,calcined,,1,2.45,,,,
121,8SU65,221,131,,437N 549E,I,,,,2210239,Gopherus polyphemus,Gopherus polyphemus,scapula,scapula,,,,calcined,,1,2.45,,,,
122,8SU65,221,131,,437N 549E,I,,,,2210240,Testudines,Testudines,shell,shell,fragments,fragment,,calcined,,4,0.69,0.69,,,
123,8SU65,221,131,,437N 549E,I,,,,2210241,Unidentified Mammalia,Mammalia,,,fragments,fragment,,,,3,3.89,3.89,,,
124,8SU65,221,131,,437N 549E,I,,,,2210242,Vertebrata,Vertebrata,,,fragment,fragment,,,,1,0.05,0.05,,,
125,8SU65,221,133,,440N 549E,IA,,,,2210243,Testudines,Testudines,shell,shell,fragment,fragment,,,,1,0.69,0.69,,,
126,8SU65,221,133,,440N 549E,IA,,,,2210244,Unidentified Mammalia,Mammalia,,,fragment,fragment,,,,1,1.9,1.9,,,
127,8SU65,221,133,,440N 549E,IA,,,,2210245,small? Mammalia,"Mammaia, small (?)",,,fragments,fragment,,calcined,,2,0.75,0.75,,,
128,8SU65,221,143,,440N 549E,IB,,,,2210246,Unidentified Mammalia,Mammalia,,,fragments,fragment,,,,1,1.97,1.97,,,
129,8SU65,221,143,,440N 549E,IB,,,,2210247,Vertebrata,Vertebrata,,,fragments,fragment,,1 calcined,,2,0.69,0.69,,,
130,8SU65,221,163,,440N 553E,IA,,,,2210248,Vertebrata,Vertebrata,,,fragments,fragment,,4 calcined,,5,1.24,1.24,,,
131,8SU65,221,169,,440N 553E,IB,,,,2210249,Testudines,Testudines,shell,shell,fragments,fragment,,,,4,6.02,6.02,,,
132,8SU65,221,169,,440N 553E,IB,,,,2210250,Unidentified Mammalia,Mammalia,,,fragments,fragment,,,,3,3.53,3.53,,,
133,8SU65,221,173,,440N 555E,IA,,,,2210251,Gopherus polyphemus,Gopherus polyphemus,marginal,marginal,,,,,,1,25.67,,,,
134,8SU65,221,173,,440N 555E,IA,,,,2210251,Gopherus polyphemus,Gopherus polyphemus,costals,costal,,,,,,5,25.67,,,,
135,8SU65,221,173,,440N 555E,IA,,,,2210251,Gopherus polyphemus,Gopherus polyphemus,shell,shell,fragments,fragment,,,,7,25.67,,,,
136,8SU65,221,173,,440N 555E,IA,,,,2210252,Testudines,Testudines,shell,shell,fragments,fragment,,,,42,24.05,24.05,,,
137,8SU65,221,177,,440N 555E,IB,,,,2210253,Testudines,Testudines,shell,shell,fragments,fragment,,,,3,2.87,2.87,,,
138,8SU65,221,177,,440N 555E,IB,,,,2210254,Odocoileus virginianus,Odocoileus virginianus,humerus,humerus,distal end,distal end,L,nicks + cuts,,1,27.91,,,,
139,8SU65,221,177,,440N 555E,IB,,,,2210254,Odocoileus virginianus,Odocoileus virginianus,tibia,tibia,distal end,distal end,,,,1,27.91,,,,
140,8SU65,221,177,,440N 555E,IB,,,,2210255,Unidentified Mammalia,Unidentified Mammalia,,,fragments,fragment,,,,2,2.6,2.6,,,
141,8SU65,221,177,,440N 555E,IB,,,,2210256,Vertebrata,Vertebrata,,,fragments,fragment,,1 calcined,,11,5.51,5.51,,,
142,8SU65,221,180,,443N 547E,IA,,,,2210257,Unidentified Mammal,Mammalia,,,fragments,fragment,,calcined,,3,,,,,no weight recorded
143,8SU65,221,206,,392N 495E,I,,,,2210258,Vertebrata,Vertebrata,,,fragments,fragment,,"1 burnt, 4 calcined",,5,1.09,1.09,,,
144,8SU65,221,226,,419N 523E,,20,,,2210259,Unidentified Mammalia,Mammalia,tooth,tooth,fragments,fragment,,,,1,0.06,0.06,,,
145,8SU65,221,208,,419N 521E,IA,,,,2210260,Testudines,Testudines,shell,shell,fragments,fragment,,,,1,1.17,1.17,,,
146,8SU65,221,211,,419N 521E,IB,,,,2210261,Artiodactyla,Artiodactyla,tooth,tooth,fragments,fragment,,,,2,0.27,0.27,,,
147,8SU65,221,211,,419N 521E,IB,,,,2210262,Odocoileus virginianus,Odocoileus virginianus,radius,radius,"2 fragments, distal and shaft","2 fragments, distal and shaft",L,,,1,37.7,,,,Assumption: 2 fragments articulate
148,8SU65,221,211,,419N 521E,IB,,,,2210262,Odocoileus virginianus,Odocoileus virginianus,tibia,tibia,distal end,distal end,L,cut marks,,1,37.7,,,,
149,8SU65,221,211,,419N 521E,IB,,,,2210262,Odocoileus virginianus,Odocoileus virginianus,ulna,ulna,proximal end,proximal end,L,,,1,37.7,,,,
150,8SU65,221,211,,419N 521E,IB,,,,2210263,Vertebrata,Vertebrata,,,fragments,fragment,,"3 calcined, 1 burnt",,9,1.81,1.81,,,
151,8SU65,221,212,,419N 521E,IC,,,,2210264,Testudines,Testudines,,,fragments,fragment,,calcined,,1,,,,,"""cannot locate specimen - weight not recorded"""
152,8SU65,221,217,,419N 521E,II,,,,2210265,Vertebrata,Vertebrata,,,fragments,fragment,,,,2,2.17,2.17,,,
153,8SU65,221,217,,419N 521E,II,,,,2210266,Testudines,Testudines,shell,shell,fragments,fragment,,,,1,0.39,0.39,,,
154,8SU65,221,219,,419N 521E,,,,East Balk,2210267,Odocoileus virginianus,Odocoileus virginianus,humerus,humerus,distal end,distal end,L,butchering marks,,1,9.8,9.8,,,
155,8SU65,221,229,,419N 523E,IA + IB,,,,2210268,Testudines,Testudines,shell,shell,fragment,fragment,,,,1,0.99,0.99,,,
156,8SU65,221,229,,419N 523E,IA + IB,,,,2210269,Artiodactyla,Artiodactyla,tooth,tooth,fragments,fragment,,,,3,0.73,0.73,,,
157,8SU65,221,229,,419N 523E,IA + IB,,,,2210270,Unidentified Mammalia,Unidentified Mammalia,med-lge. long bones,medium-large long bone,fragments,fragment,,,,12,14.37,14.37,,,
158,8SU65,221,229,,419N 523E,IA + IB,,,,2210271,Vertebrata,Vertebrata,,,fragments,fragment,,calcined,,3,0.71,0.71,,,
159,8SU65,221,234,2,422N 518E,IA,,,,2210272,Vertebrata,Vertebrata,,,fragment,fragment,,,,1,0.72,0.72,,,
160,8SU65,221,239,2,422N 518E,IC,,,,2210273,Terrapene carolina,Terrapene carolina,marginal,marginal,,,,calcined,,1,2.24,2.24,,,
161,8SU65,221,239,2,422N 518E,IC,,,,2210274,Vertebrata,Vertebrata,,,fragment,fragment,,calcined,,1,0.04,0.04,,,
162,8SU65,221,240,2,422N 506E,II,,,,2210275,Testudines,Testudines,plastron,plastron,fragment,fragment,,,,1,3.98,3.98,,,
163,8SU65,221,240,2,422N 506E,II,,,,2210276,Vertebrata,Vertebrata,,,fragment,fragment,,,,1,0.63,0.63,,,
164,8SU65,221,243,2,422N 512E,I,,,,2210277,Gopherus polyphemus,Gopherus polyphemus,marginal,marginal,,,,,,1,1.77,1.77,,,
165,8SU65,221,243,2,422N 512E,I,,,,2210278,Vertebrata,Vertebrata,,,fragments,fragment,,2 calcined,,6,2.42,2.42,,,
166,8SU65,221,246,2,422N 509E,IB,,,,2210279,Odocoileus virginianus,Odocoileus virginianus,humerus,humerus,distal shaft,distal shaft,L,,,1,10.79,10.79,,,
167,8SU65,221,246,2,422N 509E,IB,,,,2210280,Mammalia,Mammalia,,,fragment,fragment,,,,1,0.52,0.52,,,
168,8SU65,221,246,2,422N 509E,IB,,,,2210281,Vertebrata,Vertebrata,,,fragments,fragment,,,,2,0.31,0.31,,,
169,8SU65,221,248,2,422N 509E,IC,,,,2210282,Vertebrata,Vertebrata,,,fragments,fragment,,,,3,8.97,8.97,,,
170,8SU65,221,252,2,422N 506E,IB,,,,2210283,Gopherus polyphemus,Gopherus polyphemus,marginal,marginal,,,,,,1,2.76,2.76,,,
171,8SU65,221,252,2,422N 506E,IB,,,,2210284,Testudines,Testudines,costal,costal,,,,,,1,1.04,1.04,,,
172,8SU65,221,252,2,422N 506E,IB,,,,2210285,Odocoileus virginianus,Odocoileus virginianus,humerus,humerus,distal end,distal end,R,numerous cuts,,1,43.73,,,,
173,8SU65,221,252,2,422N 506E,IB,,,,2210285,Odocoileus virginianus,Odocoileus virginianus,scapula,scapula,,,R,,,1,43.73,,,,
174,8SU65,221,252,2,422N 506E,IB,,,,2210285,Odocoileus virginianus,Odocoileus virginianus,cubonavicular,cubonavicular,,,R,,,1,43.73,,,,
175,8SU65,221,252,2,422N 506E,IB,,,,2210286,cf. Sus scrofa,cf. Sus scrofa,tooth,tooth,fragment,fragment,,,,1,0.82,0.82,,,
176,8SU65,221,252,2,422N 506E,IB,,,,2210287,Bos taurus,Bos taurus,2nd phalanx,2nd phalanx,,,,,,1,10.8,10.8,,,
177,8SU65,221,252,2,422N 506E,IB,,,,2210288,Unidentified Large Mammalia,"Mammalia, large",,,fragments,fragment,,2 burnt,,4,6.63,6.63,,,
178,8SU65,221,252,2,422N 506E,IB,,,,2210289,Unidentified Mammalia,Mammalia,,,fragments,fragment,,1 calcined,,11,9.23,9.23,,,
179,8SU65,221,252,2,422N 506E,IB,,,,2210290,Vertebrata,Vertebrata,,,fragments,fragment,,2 calcined,,11,10.26,10.26,,,
180,8SU65,221,253,2,422N 506E,IC (dk. area),,,,2210291,Testudines,Testudines,shell,shell,fragments,fragment,,,,2,3.48,3.48,,,
181,8SU65,221,253,2,422N 506E,IC (dk. area),,,,2210292,Odocoileus virginianus,Odocoileus virginianus,molar,molar,,,,,,1,1.04,1.04,,,
182,8SU65,221,253,2,422N 506E,IC (dk. area),,,,2210293,Vertebrata,Vertebrata,,,fragments,fragment,,2 calcined,,7,4.34,4.34,,,
183,8SU65,221,257,2,422N 506E,IC (dk. ? area),,,,2210294,Vertebrata,Vertebrata,,,fragments,fragment,,2 calcined,,11,3.68,3.68,,,
184,8SU65,221,260,3,497N 495E,I,,,,2210295,Mercenariasp.,Mercenariasp.,shell,shell,fragment,fragment,,,,1,4.26,4.26,,,
185,8SU65,221,264,3,500N 495E,I,,,,2210296,Mammalia,Mammalia,,,fragment,fragment,,,,1,0.37,0.37,,,
186,8SU65,221,288,6,425N 593E,IB,,,,2210297,Mammalia,Mammalia,,,fragments,fragment,,,,4,5.22,5.22,,,
187,8SU65,221,288,6,425N 593E,IB,,,,2210298,Vertebrata,Vertebrata,,,fragment,fragment,,calcined,,1,0.13,0.13,,,
188,8SU65,221,283,5,464N 459E,,,Area A,,2210299,Mammalia,Mammalia,,,fragments,fragment,,,,2,1.78,1.78,,,
189,8SU65,221,287,5,464N 459E,All Zones,,,,2210300,Odocoileus virginianus,Odocoileus virginianus,astragalus,astragalus,,,L,,,1,4.89,4.89,,,
190,8SU65,221,287,5,464N 459E,All Zones,,,,2210301,Mammalia,Mammalia,,,fragments,fragment,,,,8,8.23,8.23,,,
191,8SU65,221,287,5,464N 459E,All Zones,,,,2210302,Vertebrata,Vertebrata,,,fragments,fragment,,,,19,7.05,7.05,,,
192,8SU65,221,254,1,397N 512E,,21,,,2210303,Unionidae,Unionidae,shell,shell,fragments,fragment,,,,3,10.3,,,,
193,8SU65,221,254,1,397N 512E,,21,,,2210303,Unionidae,Unionidae,valve,valve,fragment,fragment,L,,,1,10.3,,,,
194,8SU65,221,254,1,397N 512E,,21,,,2210304,Osteichthyes,Osteichthyes,vertebra,vertebra,,,,,,1,0.1,0.1,,,
195,8SU65,221,254,1,397N 512E,,21,,,2210305,Gopherus polyphemus,Gopherus polyphemus,costal,costal,,,,,,1,21.7,,,,
196,8SU65,221,254,1,397N 512E,,21,,,2210305,Gopherus polyphemus,Gopherus polyphemus,marginal,marginal,,,,,,1,21.7,,,,
197,8SU65,221,254,1,397N 512E,,21,,,2210305,Gopherus polyphemus,Gopherus polyphemus,hyoplastron,hyoplastron,,,"1 L, 1 R",,,2,21.7,,,,
198,8SU65,221,254,1,397N 512E,,21,,,2210305,Gopherus polyphemus,Gopherus polyphemus,shell,shell,fragment,fragment,,,,1,21.7,,,,
199,8SU65,221,254,1,397N 512E,,21,,,2210306,Testudines,Testudines,shell,shell,fragment,fragment,,,,1,1.8,,,,
200,8SU65,221,254,1,397N 512E,,21,,,2210306,Testudines,Testudines,long bone,long bone,fragments,fragment,,,,2,1.8,,,,
201,8SU65,221,254,1,397N 512E,,21,,,2210307,Unidentified Aves,Aves,humerus,humerus,proximal end,proximal end,R,,,1,0.1,0.1,,,
202,8SU65,221,254,1,397N 512E,,21,,,2210308,Sigmodon hispidus,Sigmodon hispidus,dentary,dentary,,,L,,,1,0.26,0.26,,,
203,8SU65,221,254,1,397N 512E,,21,,,2210309,Sciurussp.,Sciurussp.,humerus,humerus,proximal,proximal,R,,,1,0.63,0.63,,,
204,8SU65,221,254,1,397N 512E,,21,,,2210310,Artiodactyla,Artiodactyla,2nd phalanx,2nd phalanx,,,,,,1,1.51,1.51,,,
205,8SU65,221,254,1,397N 512E,,21,,,2210311,Unidentified Mammalia,Mammalia,ilium,ilium,fragment,fragment,,,,1,5.9,5.9,,,
206,8SU65,221,254,1,397N 512E,,21,,,2210312,Unidentified Large Mammal,"Mammalia, large",,,fragments,fragment,,,,3,13.08,13.08,,,
207,8SU65,221,254,1,397N 512E,,21,,,2210313,Vertebrata,Vertebrata,bone,bone,fragments,fragment,,,,42,7.46,,,,
208,8SU65,221,254,1,397N 512E,,21,,,2210313,Vertebrata,Vertebrata,bone,bone,fragment,fragment,,burnt,,1,7.46,,,,
209,8SU65,221,220,1,397N 497E,IA,,,,2210314,Vertebrata,Vertebrata,,,fragments,fragment,,9 calcined,,10,4.37,4.37,,,
210,8SU65,221,223,1,397N 497E,II,,,,2210315,Miscellaneous Unidentified Mammalia,Mammalia,,,fragments,fragment,,calcined,,4,2.29,2.29,,,
211,8SU65,221,225,1,397N 500E,IB,,,,2210316,Unidentified Mammalia,Mammalia,,,fragment,fragment,,calcined,,1,0.31,0.31,,,
212,8SU65,221,242,1,397N 509E,II,,,,2210317,Unidentified Mammalia,Mammalia,,,fragment,fragment,,calcined,,1,0.39,0.39,,,
213,8SU65,221,247,1,397N 521E,IB,,,,2210318,Unidentified Mammalia,Mammalia,shaft,shaft,fragment,fragment,,,,1,2.69,2.69,,,
214,8SU65,221,247,1,397N 521E,IB,,,,2210319,Vertebrata,Vertebrata,,,fragment,fragment,,calcined,,1,0.11,0.11,,,
215,8SU65,221,275,1,397N 512E,II,,,,2210320,Odocoileus virginianus,Odocoileus virginianus,lower molar,lower molar,fragment,fragment,,,,1,3.39,,,,
216,8SU65,221,275,1,397N 512E,II,,,,2210320,Odocoileus virginianus,Odocoileus virginianus,metapodial,metapodial,"fragment, proximal end","fragment, proximal end",,,,1,3.39,,,,
217,8SU65,221,297,,513N 467E,IC,,,,2210321,Testudines,Testudines,marginal,marginal,,,,,,1,1.26,1.26,,,
218,8SU65,221,254,1,397N 512E,,21,,,2210322,Lepisosteussp.,Lepisosteussp.,scale,scale,,,,,,1,0.16,0.16,,,
219,8SU65,221,30,,539N 497E,I,,,,2210001,Vertebrata,Vertebrata,bone,bone,fragments,fragment,,,,3,11.4,11.4,,,
220,8SU65,221,30,,539N 497E,I,,,,2210002,Odocoileus virginianus,Odocoileus virginianus,tibia,tibia,distal end,distal end,L,,,1,41.3,,,,
221,8SU65,221,30,,539N 497E,I,,,,2210002,Odocoileus virginianus,Odocoileus virginianus,tibia,tibia,shaft,shaft,,,,1,41.3,,,,
222,8SU65,221,30,,539N 497E,I,,,,2210002,Odocoileus virginianus,Odocoileus virginianus,tooth,tooth,,,,,,1,41.3,,,,
223,8SU65,221,30,,539N 497E,I,,,,2210002,Odocoileus virginianus,Odocoileus virginianus,calcaneum,calcaneum,fragment,fragment,L,,,1,41.3,,,,
224,8SU65,221,30,,539N 497E,I,,,,2210003,Odocoileus cf.virginianus,Odocoileus cf.virginianus,long bone,long bone,fragments,fragment,,,,16,32.8,32.8,,,
225,8SU65,221,30,,539N 497E,I,,,,2210004,Gopherus polyphemus,Gopherus polyphemus,epiplastron,epiplastron,,,L,,,1,13.2,,,,
226,8SU65,221,30,,539N 497E,I,,,,2210004,Gopherus polyphemus,Gopherus polyphemus,costal,costal,fragments,fragment,,,,3,13.2,,,,
227,8SU65,221,30,,539N 497E,I,,,,2210004,Gopherus polyphemus,Gopherus polyphemus,shell,shell,fragments,fragment,,,,4,13.2,,,,
228,8SU65,221,36,,539N 497E,I,,,,2210011,Testudines,Testudines,shell - carapace,shell - carapace,fragments,fragment,,,,24,12.9,12.9,,,
229,8SU65,221,30,,539N 497E,I,,,,2210005,Gopheruscf.polyphemus,Gopheruscf.polyphemus,shell,shell,small fragments,small fragments,,,,9,1.5,1.5,,,
230,8SU65,221,36,,539N 497E,I,,,,2210006,Vertebrata,Vertebrata,bone,bone,fragments,fragment,,,,16,8.5,8.5,,,
231,8SU65,221,36,,539N 497E,I,,,,2210007,Odocoileus virginianus,Odocoileus virginianus,tibia,tibia,distal end; 2 articulating fragments,distal end; 2 articulating fragments,R,,,1,3,3,,,
232,8SU65,221,36,,539N 497E,I,,,,2210008,Odocoileuscf.virginianus,Odocoileuscf.virginianus,long bone,long bone,several fragments,several fragments,,,,24,26.2,,,,shovel fractured
233,8SU65,221,36,,539N 497E,I,,,,2210008,Odocoileuscf.virginianus,Odocoileuscf.virginianus,radius,radius,distal - articulating surface only,distal - articulating surface only,L,,,1,26.2,,,,verbatim portion
234,8SU65,221,36,,539N 497E,I,,,,2210009,Sus scrofa,Sus scrofa,tooth,tooth,,,,,,1,0.6,0.6,,,
235,8SU65,221,36,,539N 497E,I,,,,2210010,Gopherus polyphemus,Gopherus polyphemus,epiplastron,epiplastron,2 articulating fragments,2 articulating fragments,R,,,1,46.1,,,,"""several plastron fragments seem to be from 1 individual""; R and L epiplastron ""same individual"""
236,8SU65,221,36,,539N 497E,I,,,,2210010,Gopherus polyphemus,Gopherus polyphemus,epiplastron,epiplastron,3 articulating fragments,3 articulating fragments,L,,,1,46.1,,,,"""several plastron fragments seem to be from 1 individual""; R and L epiplastron ""same individual"""
237,8SU65,221,36,,539N 497E,I,,,,2210010,Gopherus polyphemus,Gopherus polyphemus,xiphiplastron,xiphiplastron,2 articulating fragments,2 articulating fragments,R,,,1,46.1,,,,"""several plastron fragments seem to be from 1 individual"""
238,8SU65,221,36,,539N 497E,I,,,,2210010,Gopherus polyphemus,Gopherus polyphemus,hyoplastron,hyoplastron,2 articulating fragments,2 articulating fragments,R,,,1,46.1,,,,"""several plastron fragments seem to be from 1 individual"""
239,8SU65,221,36,,539N 497E,I,,,,2210010,Gopherus polyphemus,Gopherus polyphemus,hyoplastron,hyoplastron,4 fragments,4 fragments,L,,,1,46.1,,,,"""several plastron fragments seem to be from 1 individual"""
240,8SU65,221,36,,539N 497E,I,,,,2210010,Gopherus polyphemus,Gopherus polyphemus,unidentified shell,unidentified shell,fragments,fragment,,,,7,46.1,,,,
241,8SU65,221,36,,539N 497E,I,,,,2210010,Gopherus polyphemus,Gopherus polyphemus,unidentified plastron,unidentified plastron,fragment,fragment,,,,1,46.1,,,,
242,8SU65,221,36,,539N 497E,I,,,,2210010,Gopherus polyphemus,Gopherus polyphemus,humerus,humerus,shaft,shaft,R,,,1,46.1,,,,
243,8SU65,221,36,,539N 497E,I,,,,2210012,Unionidae,Unionidae,,,fragments,fragment,,,,5,1.8,1.8,,,
244,8SU65,221,37,,539N 497E,2 (Southern Half),,,,2210013,Unidentified bone,Unidentified Bone,bone,bone,fragments,fragment,,,,130,49.56,,,,
245,8SU65,221,37,,539N 497E,2 (Southern Half),,,,2210013,Unidentified bone,Unidentified Bone,bone,bone,fragments,fragment,,burnt,,3,49.56,,,,
246,8SU65,221,37,,539N 497E,2 (Southern Half),,,,2210014,Odocoileus virginianus,Odocoileus virginianus,tibia,tibia,proximal end of shaft,proximal end of shaft,L,,,1,9.2,9.2,,,
247,8SU65,221,37,,539N 497E,2 (Southern Half),,,,2210015,Odocoileuscf.virginianus,Odocoileuscf.virginianus,bone,bone,fragments,fragment,,,,13,25.9,25.9,,,
248,8SU65,221,37,,539N 497E,2 (Southern Half),,,,2210016,Testudines,Testudines,shell,shell,fragments,fragment,,,,7,5.8,5.8,,,
249,8SU65,221,37,,539N 497E,2 (Southern Half),,,,2210017,Gopherus polyphemus,Gopherus polyphemus,femur,femur,,,R,,,1,46.2,,,,
250,8SU65,221,37,,539N 497E,2 (Southern Half),,,,2210017,Gopherus polyphemus,Gopherus polyphemus,scapula,scapula,2 articulating fragments,2 articulating fragments,R,,,1,46.2,,,,
251,8SU65,221,37,,539N 497E,2 (Southern Half),,,,2210017,Gopherus polyphemus,Gopherus polyphemus,pubis,pubis,,,L,,,1,46.2,,,,
252,8SU65,221,37,,539N 497E,2 (Southern Half),,,,2210017,Gopherus polyphemus,Gopherus polyphemus,epiplastron,epiplastron,,,L,,,2,46.2,,,,
253,8SU65,221,37,,539N 497E,2 (Southern Half),,,,2210017,Gopherus polyphemus,Gopherus polyphemus,epiplastron,epiplastron,fragment,fragment,R,,,1,46.2,,,,
254,8SU65,221,37,,539N 497E,2 (Southern Half),,,,2210017,Gopherus polyphemus,Gopherus polyphemus,xiphiplastron,xiphiplastron,fragment,fragment,L,,,1,46.2,,,,"L and R xiphiplastron ""fragments; articulate""; ""both are pitted"""
255,8SU65,221,37,,539N 497E,2 (Southern Half),,,,2210017,Gopherus polyphemus,Gopherus polyphemus,xiphiplastron,xiphiplastron,fragment,fragment,R,,,1,46.2,,,,"L and R xiphiplastron ""fragments; articulate""; ""both are pitted"""
256,8SU65,221,37,,539N 497E,2 (Southern Half),,,,2210018,Dinocardium robustum,Dinocardium robustum,ventral margin,ventral margin,fragment,fragment,,,,1,13.7,13.7,,,Cardiidae (marine)
257,8SU65,221,42,,539N 497E,3,,,,2210019,Vertebrata,Vertebrata,bone,bone,fragments,fragment,,,,3,0.65,0.65,,,
258,8SU65,221,42,,539N 497E,3,,,,2210020,Odocoileus virginianus,Odocoileus virginianus,astragalus,astragalus,,,R,,,1,15.89,,,,
259,8SU65,221,42,,539N 497E,3,,,,2210020,Odocoileus virginianus,Odocoileus virginianus,tibia,tibia,fragment,fragment,,,,1,15.89,,,,
260,8SU65,221,42,,539N 497E,3,,,,2210021,Odocoileus cf.virginianus,Odocoileus cf.virginianus,bone,bone,fragments,fragment,,,,16,7.02,7.02,,,
261,8SU65,221,42,,539N 497E,3,,,,2210022,Gopherus polyphemus,Gopherus polyphemus,"shell, unidentified - carapace","shell, unidentified - carapace",fragments,fragment,,,,5,7.79,7.79,,,
262,8SU65,221,42,,539N 497E,3,,,,2210023,Gopheruscf.polyphemus,Gopheruscf.polyphemus,unidentified shell,,fragments,fragment,,,,11,6.85,6.85,,,
263,8SU65,221,72,,539N 500E,I,,,,2210024,Vertebrata,Vertebrata,,,fragments,fragment,,,,11,6.4,6.4,,,
264,8SU65,221,81,,539N 500E,2,,,,2210025,Vertebrata,Vertebrata,bone,,fragments,fragment,,,,19,8.68,8.68,,,
265,8SU65,221,81,,539N 500E,2,,,,2210026,Mammalia,Mammalia,,,fragment,fragment,,,,1,4.35,,,,probably distal end humerus
266,8SU65,221,81,,539N 500E,2,,,,2210026,Mammalia,Mammalia,bone,bone,fragments,fragment,,,,7,4.35,,,,
267,8SU65,221,81,,539N 500E,2,,,,2210027,Gopherus polyphemus,Gopherus polyphemus,shell,shell,fragment,fragment,,,,1,2.48,,,,
268,8SU65,221,81,,539N 500E,2,,,,2210027,Gopherus polyphemus,Gopherus polyphemus,hypoplastron,hypoplastron,fragment,fragment,,,,1,2.48,,,,
269,8SU65,221,82,,539N 500E,2,,,,2210028,cf. Odocoileus virginianus,cf. Odocoileus virginianus,tibia,tibia,"fragment, distal end","fragment, distal end",L,,,1,17.82,,,,outside structure
270,8SU65,221,82,,539N 500E,2,,,,2210028,cf. Odocoileus virginianus,cf. Odocoileus virginianus,tibia,tibia,several fragments,several fragments,L,,,27,17.82,,,,shovel fractured; outside structure
271,8SU65,221,83,,539N 500E,2,,,clay wall area,2210029,Vertebrata,Vertebrata,bone,bone,fragments,fragment,,,,43,1.9,1.9,,,
272,8SU65,221,83,,539N 500E,2,,,clay wall area,2210030,Odocoileus virginianus,Odocoileus virginianus,radius,radius,"fragment, proximal end","fragment, proximal end",L,,,1,1.5,1.5,,,
273,8SU65,221,83,,539N 500E,2,,,clay wall area,2210031,Odocoileuscf.virginianus,Odocoileuscf.virginianus,bone,bone,fragments,fragment,,,,18,4.4,4.4,,,
274,8SU65,221,83,,539N 500E,2,,,clay wall area,2210032,Gopherus polyphemus,Gopherus polyphemus,shell,shell,fragments,fragment,,,,3,1.2,1.2,,,
275,8SU65,221,55,,542N 497E,I,,,,2210033,Odocoileus virginianus,Odocoileus virginianus,astragalus,astragalus,,,L,,,1,18.17,,,,small size
276,8SU65,221,55,,542N 497E,I,,,,2210033,Odocoileus virginianus,Odocoileus virginianus,tibia,tibia,distal end,distal end,R,,,1,18.17,,,,2 articulating fragments (glued)
277,8SU65,221,55,,542N 497E,I,,,,2210033,Odocoileus virginianus,Odocoileus virginianus,femur,femur,"fragment, distal end","fragment, distal end",L,,,1,18.17,,,,
278,8SU65,221,55,,542N 497E,I,,,,2210034,Odocoileuscf.virginianus,Odocoileuscf.virginianus,bone,bone,fragments,fragment,,,,51,55.51,55.51,,,
279,8SU65,221,55,,542N 497E,I,,,,2210035,Testudines,Testudines,shell,shell,small fragments,small fragments,,,,10,3.6,3.6,,,
280,8SU65,221,55,,542N 497E,I,,,,2210036,Gopherus polyphemus,Gopherus polyphemus,shell,shell,fragments,fragment,,,,4,6.49,6.49,,,2 probably plastron fragments
281,8SU65,221,59,,542N 497E,2,,,,2210037,Vertebrata,Vertebrata,bone,bone,fragments,fragment,,,,9,2.2,2.2,,,within structure
282,8SU65,221,59,,542N 497E,2,,,,2210038,Odocoileus virginianus,Odocoileus virginianus,tibia,tibia,"fragment, distal end","fragment, distal end",L,,,1,7.17,,,,within structure
283,8SU65,221,59,,542N 497E,2,,,,2210038,Odocoileus virginianus,Odocoileus virginianus,calcaneum,calcaneum,fragment,fragment,,,,1,7.17,,,,within structure
284,8SU65,221,59,,542N 497E,2,,,,2210038,Odocoileus virginianus,Odocoileus virginianus,bone,bone,small fragments,small fragments,,,,2,7.17,,,,within structure
285,8SU65,221,60,,542N 497E,2,,,,2210039,Vertebrata,Vertebrata,long bone,long bone,fragments,fragment,,,,6,12.4,12.4,,,
286,8SU65,221,60,,542N 497E,2,,,,2210040,Gopherus polyphemus,Gopherus polyphemus,neural,neural,,,,,,1,3.9,,,,
287,8SU65,221,60,,542N 497E,2,,,,2210040,Gopherus polyphemus,Gopherus polyphemus,plastron,plastron,fragment,fragment,,,,1,3.9,,,,
288,8SU65,221,60,,542N 497E,2,,,,2210040,Gopherus polyphemus,Gopherus polyphemus,shell,shell,fragments,fragment,,,,2,3.9,,,,
289,8SU65,221,61,,542N 497E,2,,,,2210041,Mammalia,Mammalia,long bone,long bone,fragment,fragment,,,,2,12.4,,,,outside structure
290,8SU65,221,61,,542N 497E,2,,,,2210041,Mammalia,Mammalia,bone,bone,fragments,fragment,,,,4,12.4,,,,outside structure
291,8SU65,221,110,,542N 500E,I,,,,2210042,Bos taurus,Bos taurus,upper molar,upper molar,,,L,,,1,19.06,19.06,,,
292,8SU65,221,113,,542N 500E,2,,,,2210046,Vertebrata,Vertebrata,bone,bone,fragments,fragment,,,,13,8.12,,,,middle of structure near hearth
293,8SU65,221,113,,542N 500E,2,,,,2210046,Vertebrata,Vertebrata,bone,bone,fragment,fragment,,Burnt,,1,8.12,,,,middle of structure near hearth
294,8SU65,221,113,,542N 500E,2,,,,2210047,Testudines,Testudines,shell,shell,fragments,fragment,,charred black + white,,13,10.47,10.47,,,middle of structure near hearth
295,8SU65,221,113,,542N 500E,2,,,,2210048,Gopherus polyphemus,Gopherus polyphemus,shell,shell,fragments,fragment,,,,2,2.24,,,,middle of structure near hearth
296,8SU65,221,113,,542N 500E,2,,,,2210048,Gopherus polyphemus,Gopherus polyphemus,plastron,plastron,fragment,fragment,,,,1,2.24,,,,middle of structure near hearth
297,8SU65,221,108,,542N 503E,2,,,,2210049,Vertebrata,Vertebrata,,,fragment,fragment,,,,13,0.87,,,,east side outside structure A
298,8SU65,221,108,,542N 503E,2,,,,2210049,Vertebrata,Vertebrata,bone,bone,fragments,fragment,,burnt,,2,0.87,,,,east side outside structure A
299,8SU65,221,115,,542N 503E,,11 & SE extension,,,2210050,Vertebrata,Vertebrata,bone,bone,fragments,fragment,,,,3,0.93,0.93,,,
300,8SU65,221,115,,542N 503E,,11 & SE extension,,,2210051,Mammalia,Mammalia,long bone,long bone,fragments,fragment,,,,5,10.77,10.77,,,
301,8SU65,221,115,,542N 503E,,11 & SE extension,,,2210052,Gopherus polyphemus,Gopherus polyphemus,marginal,marginal,,,,,,1,4.67,,,,
302,8SU65,221,115,,542N 503E,,11 & SE extension,,,2210052,Gopherus polyphemus,Gopherus polyphemus,shell,shell,fragments,fragment,,,,3,4.67,,,,
303,8SU65,221,90,,545N 497E,I,,,,2210053,Vertebrata,Vertebrata,bone,bone,fragments,fragment,,,,8,1.97,1.97,,,
304,8SU65,221,90,,545N 497E,I,,,,2210054,Mammalia,Mammalia,long bone,long bone,fragments,fragment,,,,10,25.69,25.69,,,
305,8SU65,221,90,,545N 497E,I,,,,2210055,Gopherus polyphemus,Gopherus polyphemus,shell,shell,fragments,fragment,,,,3,0.99,0.99,,,
306,8SU65,221,95,,545N 497E,2,,,,2210056,Vertebrata,Vertebrata,bone,bone,fragments,fragment,,,,11,8.76,8.76,,,
307,8SU65,221,95,,545N 497E,2,,,,2210057,Odocoileus virginianus,Odocoileus virginianus,phalange,phalange,distal end,,,,,1,1.34,1.34,,,
308,8SU65,221,95,,545N 497E,2,,,,2210058,Gopherus polyphemus,Gopherus polyphemus,nuchal,nuchal,,,,,,1,6.02,,,,
309,8SU65,221,95,,545N 497E,2,,,,2210058,Gopherus polyphemus,Gopherus polyphemus,plastron,plastron,fragment,fragment,,,,1,6.02,,,,maybe left xiphiplastron?
310,8SU65,221,95,,545N 497E,2,,,,2210058,Gopherus polyphemus,Gopherus polyphemus,shell,shell,fragment,fragment,,,,1,6.02,,,,
311,8SU65,221,96,,545N 497E,2,,,clay area,2210059,Mammalia,Mammalia,long bone,long bone,fragments,fragment,,,,9,11.16,11.16,,,
312,8SU65,221,106,,545N 503E,I,,,,2210060,Vertebrata,Vertebrata,bone,bone,fragments,fragment,,,,8,9.83,9.83,,,
313,8SU65,221,106,,545N 503E,I,,,,2210061,Gopherus polyphemus,Gopherus polyphemus,marginals,marginal,,,,,,2,2.78,2.78,,,
314,8SU65,221,26,1m trench,on surface,,,,,2210062,Vertebrata,Vertebrata,bone,bone,fragments,fragment,,,,3,6.9,,,,
315,8SU65,221,26,1m trench,on surface,,,,,2210062,Vertebrata,Vertebrata,bone,bone,fragments,fragment,,burnt,,8,6.9,,,,
316,8SU65,221,26,1m trench,surface,,,,,2210063,Odocoileus virginianus,Odocoileus virginianus,astragalus,astragalus,,,L,,,1,6.4,6.4,,,
317,8SU65,221,26,1m trench,surface,,,,,2210064,Odocoileuscf.virginianus,Odocoileuscf.virginianus,,,fragment,fragment,,,,1,10.8,,,,probably distal end of tibia
318,8SU65,221,26,1m trench,surface,,,,,2210064,Odocoileuscf.virginianus,Odocoileuscf.virginianus,bone,bone,fragments,fragment,,,,2,10.8,,,,
319,8SU65,221,26,1m trench,surface,,,,,2210065,Gopherus polyphemus,Gopherus polyphemus,bone,bone,fragments,fragment,,white charring,,10,10.2,,,,
320,8SU65,221,26,1m trench,surface,,,,,2210065,Gopherus polyphemus,Gopherus polyphemus,astragalus,astragalus,fragment,fragment,L,,,1,10.2,,,,
321,8SU65,221,26,1m trench,surface,,,,,2210065,Gopherus polyphemus,Gopherus polyphemus,hyoplastron,hyoplastron,fragment,fragment,R,,,1,10.2,,,,
322,8SU65,221,26,1m trench,on surface,,,,,2210066,Euglandina rosea,Euglandina rosea,shell,shell,,,,,,1,0.1,0.1,,,Spiraxidae (terrestrial)
323,8SU65,221,27,1m trench,,,,,,2210067,Vertebrata,Vertebrata,bone,bone,fragments,fragment,,,,3,1.76,1.76,,,west side of convent
324,8SU65,221,27,1m trench,,,,,,2210068,Gopherus polyphemus,Gopherus polyphemus,plastron,plastron,fragment,fragment,,,,1,0.86,0.86,,,west side of convent
325,8SU65,221,25,,443N 554E,I,,,,2210069,Mammalia,Mammalia,bone,bone,fragments,fragment,,,,7,5.2,5.2,,,
326,8SU65,221,25,,443N 554E,I,,,,2210070,Testudines,Testudines,shell,shell,fragment,fragment,,,,2,1.5,1.5,,,"worn, chalky texture"
327,8SU65,221,25,,443N 554E,I,,,,2210071,Gopherus polyphemus,Gopherus polyphemus,costal,costal,fragments,fragment,,,,3,3.9,3.9,,,
328,8SU65,221,29,,452N 554E,I,,,,2210072,Vertebrata,Vertebrata,bone,bone,fragment,fragment,,,,1,3.64,,,,
329,8SU65,221,29,,452N 554E,I,,,,2210072,Vertebrata,Vertebrata,bone,bone,fragments,fragments,,burnt,,4,3.64,,,,
330,8SU65,221,29,,452N 554E,I,,,,2210073,Odocoileus virginianus,Odocoileus virginianus,radius,radius,2 articulating fragments,2 articulating fragments,R,,,1,11.67,11.67,,,
331,8SU65,221,29,,452N 554E,I,,,,2210074,Odocoileus cf.virginianus,Odocoileus cf.virginianus,long bone,long bone,fragment,fragment,,,,1,4.35,4.35,,,shovel fractured
332,8SU65,221,29,,452N 554E,I,,,,2210075,Gopherus polyphemus,Gopherus polyphemus,plastron,plastron,fragment,fragment,,,,1,4.79,,,,
333,8SU65,221,29,,452N 554E,I,,,,2210075,Gopherus polyphemus,Gopherus polyphemus,shell,shell,fragments,fragment,,,,3,4.79,,,,
334,8SU65,221,40,,443N 551E,I,,,,2210076,Mammalia,Mammalia,bone,bone,fragments,fragment,,,,10,10.3,10.3,,,
335,8SU65,221,40,,443N 551E,I,,,,2210077,Odocoileus virginianus,Odocoileus virginianus,radius,radius,proximal end,proximal end,L,,,1,35.5,,,,2 articulating fragments: 1 is proximal end; 1 is shaft fragment
336,8SU65,221,40,,443N 551E,I,,,,2210077,Odocoileus virginianus,Odocoileus virginianus,ulna,ulna,proximal end,proximal end,L,,,1,35.5,,,,
337,8SU65,221,40,,443N 551E,I,,,,2210078,Odocoileus cf.virginianus,Odocoileus cf.virginianus,bone,bone,fragments,fragment,,,,7,6.7,6.7,,,
338,8SU65,221,40,,443N 551E,I,,,,2210079,Testudines,Testudines,shell,shell,fragments,fragment,,,,3,2.2,2.2,,,
339,8SU65,221,40,,443N 551E,I,,,,2210080,Gopherus polyphemus,Gopherus polyphemus,shell,shell,fragments,fragment,,,,3,5.5,,,,
340,8SU65,221,40,,443N 551E,I,,,,2210080,Gopherus polyphemus,Gopherus polyphemus,marginal,marginal,,,,,,1,5.5,,,,
341,8SU65,221,40,,443N 551E,I,,,,2210081,Alligator mississipiensis,Alligator mississipiensis,scute,scute,,,,,,1,1.6,1.6,,,
342,8SU65,221,46,,443N 551E,,Pit C,,,2210082,Vertebrata,Vertebrata,bone,bone,fragments,fragment,,,,10,2.05,2.05,,,
343,8SU65,221,63,,443N 551E,,5,,,2210083,Vertebrata,Vertebrata,long bone,long bone,fragments,fragment,,,,2,3,3,,,
344,8SU65,221,63,,443N 551E,,5,,,2210084,Odocoileus virginianus,Odocoileus virginianus,femur,femur,,,R,,,1,129.1,,,,distal end broken off
345,8SU65,221,63,,443N 551E,,5,,,2210084,Odocoileus virginianus,Odocoileus virginianus,mandibles,mandible,,,R,,,2,129.1,,,,"1-all 5 molars present, moderate wearing; 2-3rd and 4th molars present, very little wearing"
346,8SU65,221,63,,443N 551E,,5,,,2210084,Odocoileus virginianus,Odocoileus virginianus,phalange,phalange,fragment distal end,fragment distal end,,,,1,129.1,,,,
347,8SU65,221,63,,443N 551E,,5,,,2210085,Gopherus polyphemus,Gopherus polyphemus,costal,costal,fragments,fragment,,,,21,25,,,,
348,8SU65,221,63,,443N 551E,,5,,,2210085,Gopherus polyphemus,Gopherus polyphemus,marginals,marginal,,,,,,7,25,,,,
349,8SU65,221,63,,443N 551E,,5,,,2210085,Gopherus polyphemus,Gopherus polyphemus,neural,neural,,,,,,1,25,,,,
350,8SU65,221,63,,443N 551E,,5,,,2210085,Gopherus polyphemus,Gopherus polyphemus,unidentified shell,unidentified shell,fragments,fragment,,,,3,25,,,,
351,8SU65,221,63,,443N 551E,,5,,,2210086,Gopherus cf.polyphemus,Gopherus cf.polyphemus,shell,shell,fragments,fragment,,,,34,6.5,6.5,,,
352,8SU65,221,64,,443N 551E,2,5 & 6,,,2210087,Vertebrata,Vertebrata,bone,bone,fragments,fragment,,,,12,0.87,0.87,,,
353,8SU65,221,64,,443N 551E,2,5 & 6,,,2210088,Odocoileus virginianus,Odocoileus virginianus,scapholunar,scapholunar,,,R,,,1,6,,,,
354,8SU65,221,64,,443N 551E,2,5 & 6,,,2210088,Odocoileus virginianus,Odocoileus virginianus,scaphoid,scaphoid,,,R,,,1,6,,,,
355,8SU65,221,64,,443N 551E,2,5 & 6,,,2210088,Odocoileus virginianus,Odocoileus virginianus,cuneiform,cuneiform,,,R,,,1,6,,,,
356,8SU65,221,64,,443N 551E,2,5 & 6,,,2210089,Odocoileuscf.virginianus,Odocoileuscf.virginianus,long bone,long bone,fragment,fragment,,charred,,1,1.95,1.95,,,
357,8SU65,221,64,,443N 511E,2,5 & 6,,,2210090,Testudines,Testudines,shell,shell,fragments,fragment,,charred,,2,1.33,1.33,,,
358,8SU65,221,65,,443N 551E,,6,,,2210091,Vertebrata,Vertebrata,bone,bone,fragments,fragment,,,,50,16.2,,,,
359,8SU65,221,65,,443N 551E,,6,,,2210091,Vertebrata,Vertebrata,bone,bone,fragments,fragments,,burnt,,3,16.2,,,,
360,8SU65,221,65,,443N 551E,,6,,,2210092,Odocoileus virginianus,Odocoileus virginianus,tibia,tibia,distal end,distal end,L,worked,,1,211.6,,,,"appears to be altered by man; 2 articulating fragments, 1 shaft, 1 head"
361,8SU65,221,65,,443N 551E,,6,,,2210092,Odocoileus virginianus,Odocoileus virginianus,scapula,scapula,fragmented,fragment,L,,,1,211.6,,,,"2 articulating fragments, 3 small fragments"
362,8SU65,221,65,,443N 551E,,6,,,2210092,Odocoileus virginianus,Odocoileus virginianus,mandible,mandible,,,L,,,1,211.6,,,,with 5 well worn teeth
363,8SU65,221,65,,443N 551E,,6,,,2210092,Odocoileus virginianus,Odocoileus virginianus,metatarsal,metatarsal,"fragment,distal end","fragment,distal end",L,,,1,211.6,,,,
364,8SU65,221,65,,443N 551E,,6,,,2210092,Odocoileus virginianus,Odocoileus virginianus,pelvis,pelvis,4 articulating fragments,4 articulating fragments,,,,1,211.6,,,,
365,8SU65,221,65,,443N 551E,,6,,,2210092,Odocoileus virginianus,Odocoileus virginianus,tibia,tibia,shaft of proximal end,shaft of proximal end,R,worked,,1,211.6,,,,head broken off show alteration maybe by man
366,8SU65,221,65,,443N 551E,,6,,,2210092,Odocoileus virginianus,Odocoileus virginianus,mandible,mandible,,,R,,,1,211.6,,,,"with 3 premolars present, well worn"
367,8SU65,221,65,,443N 551E,,6,,,2210092,Odocoileus virginianus,Odocoileus virginianus,antler,antler,fragments,fragment,,,,3,211.6,,,,
368,8SU65,221,65,,443N 551E,,6,,,2210092,Odocoileus virginianus,Odocoileus virginianus,vertebrae,vertebra,,,,,,2,211.6,,,,articulating (1 either 13th thoracic or 1st lumbar; 1 either 1st lumbar or 2nd lumbar)
369,8SU65,221,65,,443N 551E,,6,,,2210092,Odocoileus virginianus,Odocoileus virginianus,cubonavicular,cubonavicular,,,L,,,1,211.6,,,,
370,8SU65,221,65,,443N 551E,,6,,,2210092,Odocoileus virginianus,Odocoileus virginianus,fibula,fibula,,,L,,,1,211.6,,,,
371,8SU65,221,65,,443N 551E,,6,,,2210093,Odocoileuscf. virginianus,Odocoileuscf. virginianus,bone,bone,fragments,fragment,,burnt,,5,55,,,,"most is fragmented long bone, some of it is charred"
372,8SU65,221,65,,443N 551E,,6,,,2210093,Odocoileuscf. virginianus,Odocoileuscf. virginianus,bone,bone,fragments,fragment,,,,8,55,,,,"most is fragmented long bone, some of it is charred"
373,8SU65,221,65,,443N 551E,,6,,,2210094,Gopherus polyphemus,Gopherus polyphemus,marginals,marginal,,,,,,4,12.3,,,,
374,8SU65,221,65,,443N 551E,,6,,,2210094,Gopherus polyphemus,Gopherus polyphemus,costal,costal,,,,,,1,12.3,,,,
375,8SU65,221,65,,443N 551E,,6,,,2210094,Gopherus polyphemus,Gopherus polyphemus,neural,neural,,,,,,1,12.3,,,,
376,8SU65,221,65,,443N 551E,,6,,,2210094,Gopherus polyphemus,Gopherus polyphemus,"shell, unidentified","shell, unidentified",fragments,fragment,,,,2,12.3,,,,
377,8SU65,221,65,,443N 551E,,6,,,2210095,Chrysemyscf. sp.,Chrysemyscf. sp.,shell,shell,fragment,fragment,,,,1,1.8,1.8,,,
378,8SU65,221,67,,443N 551E,2,,,,2210096,Vertebrata,Vertebrata,bone,bone,fragment,fragment,,,,2,5,5,,,
379,8SU65,221,67,,443N 551E,2,,,,2210097,Testudines,Testudines,shell,shell,fragment,fragment,,burnt,,1,1.5,1.5,,,
380,8SU65,221,68,,443N 551E,2,,,,2210098,Vertebrata,Vertebrata,bone,bone,fragments,fragment,,,,12,2.54,2.54,,,
381,8SU65,221,68,,443N 551E,2,,,,2210099,Odocoileus virginianus,Odocoileus virginianus,long bone,long bone,fragment of head,fragment of head,,,,1,10.25,,,,poor condition
382,8SU65,221,68,,443N 551E,2,,,,2210099,Odocoileus virginianus,Odocoileus virginianus,vertebra,vertebra,fragment with part of centrum,fragment with part of centrum,,,,1,10.25,,,,
383,8SU65,221,68,,443N 551E,2,,,,2210100,Testudines,Testudines,plastron,plastron,fragment,fragment,,,,1,2.44,2.44,,,
384,8SU65,221,68,,443N 551E,2,,,,2210101,Gopherus polyphemus,Gopherus polyphemus,hyoplastron,hyoplastron,,,R,,,1,6.62,,,,
385,8SU65,221,68,,443N 551E,2,,,,2210101,Gopherus polyphemus,Gopherus polyphemus,marginal,marginal,,,,,,1,6.62,,,,
386,8SU65,221,68,,443N 551E,2,,,,2210101,Gopherus polyphemus,Gopherus polyphemus,plastron,plastron,fragment,fragment,,,,1,6.62,,,,
387,8SU65,221,69,,443N 551E,,Pit 5,,,2210102,Testudines,Testudines,carapace,carapace,fragment,fragment,,,,1,0.4,0.4,,,
388,8SU65,221,69,,443N 551E,,Pit 5,,,2210103,Mammalia,Mammalia,long bone,long bone,several fragments,several fragments,,,,18,3.3,3.3,,,
389,8SU65,221,69,,443N 551E,,Pit 5,,,2210104,Gopherus polyphemus,Gopherus polyphemus,epiplastron,epiplastron,fragment,fragment,L,,,1,6.4,6.4,,,
390,8SU65,221,69,,443N 551E,,Pit 5,,,2210105,Terrapene carolina,Terrapene carolina,carapace,carapace,fragment,fragment,,,,1,0.5,0.5,,,
391,8SU65,221,80,,446N 551E,2,,,,2210106,Odocoileuscf.virginianus,Odocoileuscf.virginianus,femur,femur,"head, proximal end","head, proximal end",,,,1,1.94,1.94,,,in association with corn cobs taken from smudge pit
392,8SU65,221,94,,446N 551E,,"Posthole 1, Pit",,,2210107,Vertebrata,Vertebrata,bone,bone,fragments,fragment,,,,3,4.4,,,,
393,8SU65,221,94,,446N 551E,,"Posthole 1, Pit",,,2210107,Vertebrata,Vertebrata,bone,bone,fragments,fragment,,burnt,,5,4.4,,,,
394,8SU65,221,94,,446N 551E,,"Posthole 1, Pit",,,2210108,Alligator mississipiensis,Alligator mississipiensis,scute,scute,fragments,fragment,,,,2,1.3,1.3,,,
395,8SU65,221,103,,446N 551E,,Pit II,,,2210109,Vertebrata,Vertebrata,,,several fragments,several fragments,,white charred,,10,0.76,0.76,,,
396,8SU65,221,104,,446N 551E,I,Posthole (Trashpit 1),,,2210110,Vertebrata,Vertebrata,bone,bone,fragment,fragment,,,,1,2.04,,,,
397,8SU65,221,104,,446N 551E,I,Posthole (Trashpit 1),,,2210110,Vertebrata,Vertebrata,bone,bone,fragment,fragment,,burnt,,1,2.04,,,,
398,8SU65,221,107,,446N 551E,2,,,,2210111,Vertebrata,Vertebrata,bone,bone,fragments,fragment,,,,4,4.02,4.02,,,
399,8SU65,221,107,,446N 551E,2,,,,2210112,Testudines,Testudines,shell,shell,fragment,fragment,,,,1,0.52,0.52,,,
400,8SU65,221,107,,446N 551E,2,,,,2210113,Gopherus polyphemus,Gopherus polyphemus,shell,shell,fragments,fragment,,,,3,0.96,0.96,,,
401,8SU65,221,116,,446N 551E,I,,,,2210114,Vertebrata,Vertebrata,,,fragments,fragment,,white charred,,3,1.06,1.06,,,
402,8SU65,221,116,,446N 551E,I,,,,2210115,Odocoileus virginianus,Odocoileus virginianus,tibia,tibia,"fragment, distal end","fragment, distal end",,charred white,,1,1.44,1.44,,,
403,8SU65,221,116,,446N 551E,I,,,,2210116,Odocoileuscf.virginianus,Odocoileuscf.virginianus,long bone,long bone,fragment,fragment,,,,1,1.34,1.34,,,
404,8SU65,221,116,,446N 551E,I,,,,2210117,Testudines,Testudines,shell,shell,fragments,fragment,,charred white,,2,2.08,2.08,,,
405,8SU65,221,5,,500N 500E,I,,,,2210118,Vertebrata,Vertebrata,bone,bone,fragments,fragment,,,,9,2.1,2.1,,,
406,8SU65,221,5,,500N 500E,I,,,,2210119,Gopherus polyphemus,Gopherus polyphemus,plastron,plastron,fragments,fragment,,,,2,4.7,,,,
407,8SU65,221,5,,500N 500E,I,,,,2210119,Gopherus polyphemus,Gopherus polyphemus,neural,neural,,,,,,1,4.7,,,,
408,8SU65,221,5,,500N 500E,I,,,,2210119,Gopherus polyphemus,Gopherus polyphemus,shell,shell,fragments,fragment,,,,3,4.7,,,,
409,8SU65,221,5,,500N 500E,I,,,,2210120,Odocoileus virginianus,Odocoileus virginianus,tibia,tibia,distal end,distal end,L,,,1,24.6,,,,
410,8SU65,221,5,,500N 500E,I,,,,2210120,Odocoileus virginianus,Odocoileus virginianus,humerus,humerus,"2 fragments, distal end","2 fragments, distal end",L,,,1,24.6,,,,
411,8SU65,221,5,,500N 500E,I,,,,2210120,Odocoileus virginianus,Odocoileus virginianus,teeth,teeth,fragments,fragment,,,,13,24.6,,,,
412,8SU65,221,5,,500N 500E,I,,,,2210121,Odocoileuscf.virginianus,Odocoileuscf.virginianus,long bone,long bone,fragments,fragment,,,,18,12.7,12.7,,,
413,8SU65,221,5,,500N 500E,I,,,,2210122,Rangia cuneata,Rangia cuneata,valve,valve,umbo and hinge plate,umbo and hinge plate,L,,,1,12,12,,,"Mactridae, Bivalvia"
414,8SU65,221,11,,497N 509E,I,,,,2210123,Vertebrata,Vertebrata,,,fragment,fragment,,"white, charred",,1,0.6,0.6,,,
415,8SU65,221,18,,497N 509E,,2,,,2210124,Gopherus polyphemus,Gopherus polyphemus,shell,shell,several small fragments,several small fragments,,,,7,2.69,2.69,,,
416,8SU65,221,34,,497N 500E,I,,,,2210125,Vertebrata,Vertebrata,,,small fragments,small fragments,,1 calcined,,2,0.22,0.22,,,
417,8SU65,221,45,,497N 500E,,4,,,2210126,Vertebrata,Vertebrata,long bone,long bone,fragment,fragment,,charred,,1,0.65,0.65,,,
418,8SU65,221,78,,503N 500E,I,,,,2210127,Vertebrata,Vertebrata,,,fragment,fragment,,charred,,1,0.1,0.1,,,
419,8SU65,221,89,,509N 506E,I,,,,2210128,Odocoileuscf.virginianus,Odocoileuscf.virginianus,long bone,long bone,,,,,,*not counted,,,,,"no weight recorded; verbatim: ""crumbling long bone imbedded in sand""; ""Not included in quantitative analysis of bone""; ""*The condition of the bone specimens will not allow for standard measurements. The zooarchaeologist did not (could not) include this element in the quantified list."""
420,8SU65,221,99,,509N 509E,,8,,,2210129,Vertebrata,Vertebrata,bone,bone,fragment,fragment,,charred white,,1,0.09,0.09,,,
421,8SU65,221,2,South Trench,491N 500E,I,,,,2210130,Vertebrata,Vertebrata,,,fragments,fragment,,1 charred,,14,17.52,,,,(in 2 vials)
422,8SU65,221,2,South Trench,491N 500E,I,,,,2210130,Vertebrata,Vertebrata,long bone,long bone,fragments,fragment,,charred,,3,17.52,,,,2 articulate; (in 2 vials)
423,8SU65,221,2,South Trench,491N 500E,I,,,,2210131,Odocoileus virginianus,Odocoileus virginianus,humerus,humerus,distal end,distal end,R,,,1,11.94,,,,
424,8SU65,221,2,South Trench,491N 500E,I,,,,2210131,Odocoileus virginianus,Odocoileus virginianus,phalange,phalange,,,,,,1,11.94,,,,
425,8SU65,221,3,,488N 500E,I,,,,2210132,Vertebrata,Vertebrata,bone,bone,fragments,fragment,,,,14,3.8,3.8,,,
426,8SU65,221,3,,488N 500E,I,,,,2210133,Odocoileus virginianus,Odocoileus virginianus,tibia,tibia,distal end,distal end,L,,,1,40.91,,,,
427,8SU65,221,3,,488N 500E,I,,,,2210133,Odocoileus virginianus,Odocoileus virginianus,tibia,tibia,"fragment, proximal end","fragment, proximal end",L,,,1,40.91,,,,
428,8SU65,221,3,,488N 500E,I,,,,2210133,Odocoileus virginianus,Odocoileus virginianus,tibia,tibia,distal end,distal end,R,,,1,40.91,,,,4 articulating frag (glued)
429,8SU65,221,3,,488N 500E,I,,,,2210134,Odocoileuscf.virginianus,Odocoileuscf.virginianus,long bone,long bone,fragments,fragment,,,,11,19.05,,,,
430,8SU65,221,3,,488N 500E,I,,,,2210134,Odocoileuscf.virginianus,Odocoileuscf.virginianus,unidentified bone,unidentified bone,fragmentary,fragmentary,,,,1,19.05,,,,
431,8SU65,221,3,,488N 500E,I,,,,2210135,Gopherus polyphemus,Gopherus polyphemus,,,fragment,fragment,,,,1,4.69,4.69,,,probably left xiphiplastron
432,8SU65,221,12,2mx3m east/west trench,476N 503E,,,,,2210136,Vertebrata,Vertebrata,long bone,long bone,fragment,fragment,,,,1,4.95,4.95,,,
433,8SU65,221,19,2mx3m east/west trench,476N 578E,,,,,2210137,Vertebrata,Vertebrata,head of long bone,head of long bone,fragment,fragment,,charred white,,1,6.86,6.86,,,
434,8SU65,221,20,2mx3m east/west trench,476N 512E,,,,,2210138,Vertebrata,Vertebrata,bone,bone,fragments,fragment,,,,8,0.87,0.87,,,
435,8SU65,221,20,2mx3m east/west trench,476N 512E,,,,,2210139,Mammalia,Mammalia,long bone,long bone,fragments,fragment,,white charred,,11,5.97,5.97,,,
436,8SU65,221,20,2mx3m east/west trench,476N 512E,,,,,2210140,Odocoileus virginianus,Odocoileus virginianus,teeth,teeth,,,,,,2,1.45,1.45,,,"small, no wearing"
437,8SU65,221,21,2mx3m east/west trench,476N 515E,,,,,2210141,Vertebrata,Vertebrata,,,fragments,fragment,,charred,,4,12.74,12.74,,,
438,8SU65,221,31,2mx1m trench,,,NE Structure B,,,2210142,Odocoileus virginianus,Odocoileus virginianus,astragalus,astragalus,,,L,,,1,4.65,4.65,,,
439,8SU65,221,71,2mx3m trench,476N 509E,,,,,2210143,Vertebrata,Vertebrata,bone,bone,fragments,fragment,,,,32,6.31,6.31,,,called Burial 1
440,8SU65,221,71,2mx3m east/west trench,476N 509E,,,,,2210144,Bos taurus,Bos taurus,long bone,long bone,articulating fragments,articulating fragments,,,,4,143.21,143.21,,,"called Burial 1; ""4: articulating fragments of long bone"""
441,8SU65,221,71,2mx3m east/west trench,476N 509E,,,,,2210145,Gopherus polyphemus,Gopherus polyphemus,hyoplastron,hyoplastron,fragments (articulate),articulating fragments,L,,,2,7.82,7.82,,,"called Burial 1; ""2: fragments left hyoplastron (articulate)"""
442,8SU65,221,23,,,,,,edge of sink SE slope surface,2210146,Gopherus polyphemus,Gopherus polyphemus,xiphiplastron,xiphiplastron,,,R,,,1,6.53,6.53,,,
443,8SU65,221,76,,,,,,SW corner of spring,2210147,Odocoileus virginianus,Odocoileus virginianus,tibia,tibia,proximal end,proximal end,R,,,1,7.76,7.76,,,
444,8SU65,221,91,,"borrow pit, test square",,,,,2210148,Vertebrata,Vertebrata,bone,bone,fragments,fragment,,burnt,,5,0.38,0.38,,,
445,8SU65,221,105,,572N 503E,I,,,,2210149,Vertebrata,Vertebrata,bone,bone,fragments,fragment,,,,2,2.36,2.36,,,
446,8SU65,221,302,,458N 567E,,,Area H,,2210150,Gopherus polyphemus,Gopherus polyphemus,scapula,scapula,,,R,,,1,4.22,4.22,,,
447,8SU65,221,302,,458N 567E,,,Area H,,2210151,Procyon lotor,Procyon lotor,humerus,humerus,distal end,distal end,L,,,1,3.16,3.16,,,
448,8SU65,221,302,,458N 567E,,,Area H,,2210152,Osteichthyes,Osteichthyes,vertebrae,vertebra,,,,burnt,,4,0.19,,,,
449,8SU65,221,302,,458N 567E,,,Area H,,2210152,Osteichthyes,Osteichthyes,vertebrae,vertebra,fragment,fragment,,,,1,0.19,,,,
450,8SU65,221,302,,458N 567E,,,Area H,,2210152,Osteichthyes,Osteichthyes,scales,scale,,,,,,2,0.19,,,,
451,8SU65,221,302,,458N 567E,,,Area H,,2210152,Osteichthyes,Osteichthyes,dentary,dentary,,,,,,1,0.19,,,,
452,8SU65,221,302,,458N 567E,,,Area H,,2210153,Mammalia,Mammalia,,,fragments,fragment,,1 burnt,,3,3.94,3.94,,,